outcome,month,mmwr_week,age_group,vaccine_product,boosted_with_outcome,boosted_population,primary_series_only_with_outcome,primary_series_only_population,unvaccinated_with_outcome,unvaccinated_population,crude_booster_ir,crude_primary_series_only_ir,crude_unvax_ir,crude_booster_irr,crude_irr,age_adj_booster_ir,age_adj_vax_ir,age_adj_unvax_ir,age_adj_booster_irr,age_adj_irr,continuity_correction
case,SEP 2021,202138,18-49,all_types,111,285893,41070,45089570,137013,29637000,38.82571452,91.08536631,462.3038769,11.90715696,5.0755011,,,,,,0
case,SEP 2021,202138,50-64,all_types,123,366835,21505,25722971,37092,8209707,33.5300612,83.60231794,451.8066235,13.47467339,5.404235608,,,,,,0
case,SEP 2021,202138,65+,all_types,220,842552,20403,24729783,19615,4143926.2,26.11114804,82.50375671,473.3433718,18.12801839,5.737234166,,,,,,1
case,SEP 2021,202138,all_ages,all_types,454,1495280,82978,95542324,193720,41990633.2,30.36220641,86.84946789,461.3409831,15.19458029,5.311960963,35.59090963,88.11233456,462.0627054,12.98260455,5.24401842,1
case,SEP 2021,202138,all_ages,Janssen,11,25805,8066,8186230,193720,41990633.2,42.62739779,98.53131417,461.3409831,10.82264006,4.68217629,47.51498794,97.71914414,462.0627054,9.724567457,4.728476794,1
case,SEP 2021,202138,all_ages,Moderna,168,666269,26656,37691341,193720,41990633.2,25.21504077,70.7218138,461.3409831,18.29626163,6.523319444,34.0016006,72.98037361,462.0627054,13.58943983,6.331328309,1
case,SEP 2021,202138,all_ages,Pfizer,275,799101,48129,49600329,193720,41990633.2,34.41367236,97.03363056,461.3409831,13.40574694,4.754444211,36.91880296,97.30411,462.0627054,12.515647,4.748645308,1
case,SEP 2021,202139,18-49,all_types,125,350400,39637,45879072,118273,29069487,35.67351598,86.39451121,406.8630451,11.40518488,4.709362197,,,,,,0
case,SEP 2021,202139,50-64,all_types,139,444122,20853,25902274,33184,8051140,31.29770649,80.50644511,412.1652337,13.16918331,5.119655118,,,,,,0
case,SEP 2021,202139,65+,all_types,247,1048130,19557,24627073,17911,4013920.2,23.56577905,79.41260417,446.2221247,18.93517391,5.619034023,,,,,,1
case,SEP 2021,202139,all_ages,all_types,511,1842652,80047,96408419,169368,41134547.2,27.73176921,83.02905579,411.741496,14.84728554,4.959004917,32.72787798,84.01610427,414.6358751,12.66919522,4.935195207,1
case,SEP 2021,202139,all_ages,Janssen,11,29488,7628,8252260,169368,41134547.2,37.30330982,92.4352844,411.741496,11.03766658,4.454375823,37.10912208,91.92935244,414.6358751,11.17342184,4.510375241,1
case,SEP 2021,202139,all_ages,Moderna,186,785063,25963,37993369,169368,41134547.2,23.69236609,68.33560877,411.741496,17.37865667,6.02528467,27.68436398,70.14917044,414.6358751,14.97725848,5.910773749,1
case,SEP 2021,202139,all_ages,Pfizer,313,1023228,46379,50098498,169368,41134547.2,30.58946784,92.57562971,411.741496,13.4602373,4.447622957,35.3733028,92.59310151,414.6358751,11.72171786,4.478042839,1
case,OCT 2021,202140,18-49,all_types,168,424004,38114,46588936,105244,28574832,39.62226771,81.80912309,368.3101269,9.295533753,4.502066676,,,,,,0
case,OCT 2021,202140,50-64,all_types,142,531623,19998,26046871,30369,7912384,26.71065774,76.7769764,383.8160534,14.36939731,4.999103526,,,,,,0
case,OCT 2021,202140,65+,all_types,292,1345580,18876,24425475,16533,3913440.8,21.70067926,77.27997101,422.4671036,19.46792073,5.466708878,,,,,,1
case,OCT 2021,202140,all_ages,all_types,602,2301207,76988,97061282,152146,40400656.8,26.16018463,79.31896057,376.5928875,14.39565098,4.747829331,33.96216246,80.02126969,380.6641051,11.20847666,4.757036556,1
case,OCT 2021,202140,all_ages,Janssen,15,32725,7484,8314292,152146,40400656.8,45.83651643,90.01367765,376.5928875,8.216001495,4.183729599,42.20414931,89.92519104,380.6641051,9.019589576,4.233119783,1
case,OCT 2021,202140,all_ages,Moderna,214,902652,25356,38211744,152146,40400656.8,23.70791845,66.35656305,376.5928875,15.88468799,5.675292242,35.41263148,67.87515432,380.6641051,10.7493877,5.608298191,1
case,OCT 2021,202140,all_ages,Pfizer,371,1360245,44022,50471071,152146,40400656.8,27.27449834,87.22224262,376.5928875,13.80750922,4.317624452,32.78467172,87.03855745,380.6641051,11.6110391,4.373511192,1
case,OCT 2021,202141,18-49,all_types,173,665618,34880,46987944,90171,28141385,25.99088366,74.23180721,320.4213297,12.32821992,4.316496415,,,,,,0
case,OCT 2021,202141,50-64,all_types,168,773738,18439,25994346,26512,7789231,21.71277616,70.93465633,340.367361,15.67590245,4.79832255,,,,,,0
case,OCT 2021,202141,65+,all_types,415,2406136,16801,23473618,14826,3829304.8,17.24757038,71.5739687,387.172105,22.44792145,5.409398305,,,,,,1
case,OCT 2021,202141,all_ages,all_types,756,3845492,70120,96455908,131509,39759920.8,19.65938299,72.6964283,330.7577011,16.82441923,4.54984803,23.63783845,73.11311329,335.8166967,14.20674304,4.593111709,1
case,OCT 2021,202141,all_ages,Janssen,7,35980,6918,8371182,131509,39759920.8,19.45525292,82.64065935,330.7577011,17.00094584,4.002360384,20.67927814,82.28114292,335.8166967,16.23928526,4.081332427,1
case,OCT 2021,202141,all_ages,Moderna,193,1001794,23765,38380097,131509,39759920.8,19.26543781,61.92011448,330.7577011,17.16844976,5.341684263,22.59031182,62.95226722,335.8166967,14.86551843,5.334465485,1
case,OCT 2021,202141,all_ages,Pfizer,554,2800168,39341,49641867,131509,39759920.8,19.78452721,79.24963821,330.7577011,16.71799874,4.173617805,24.12610256,79.09274147,335.8166967,13.91922694,4.245859866,1
case,OCT 2021,202142,18-49,all_types,207,995862,33735,47229698,82893,27745993,20.78601252,71.4275158,298.7566529,14.37296608,4.182654955,,,,,,0
case,OCT 2021,202142,50-64,all_types,218,1115067,18085,25822499,24074,7668556,19.55039473,70.03582419,313.9313321,16.05754443,4.482439319,,,,,,0
case,OCT 2021,202142,65+,all_types,523,3487084,15410,22491971,13512,3743388.8,14.9982048,68.51333749,360.9563613,24.06663771,5.268410129,,,,,,1
case,OCT 2021,202142,all_ages,all_types,948,5598013,67230,95544168,120479,39157937.8,16.93458018,70.36536233,307.6745272,18.16841776,4.372528145,19.55089316,70.6501504,312.4131255,15.97948098,4.421973962,1
case,OCT 2021,202142,all_ages,Janssen,8,39399,6867,8423595,120479,39157937.8,20.30508389,81.5210133,307.6745272,15.15258587,3.774174471,19.34594529,80.92990294,312.4131255,16.14876507,3.860292848,1
case,OCT 2021,202142,all_ages,Moderna,196,1098742,23184,38480991,120479,39157937.8,17.83858267,60.24792865,307.6745272,17.24770028,5.106806726,20.27468315,60.83145699,312.4131255,15.40902628,5.135716634,1
case,OCT 2021,202142,all_ages,Pfizer,742,4449967,37005,48578491,120479,39157937.8,16.67428096,76.17568854,307.6745272,18.45204168,4.039012094,19.3016396,75.96525502,312.4131255,16.18583354,4.112579171,1
case,OCT 2021,202143,18-49,all_types,396,1333618,36307,47386596,82096,27347799,29.6936604,76.61871302,300.1923482,10.10964442,3.91800301,,,,,,0
case,OCT 2021,202143,50-64,all_types,306,1485970,18837,25597223,23847,7523132,20.59260954,73.59001404,316.9823419,15.39301473,4.307409722,,,,,,0
case,OCT 2021,202143,65+,all_types,703,4405306,15320,21657903,13050,3586298.8,15.9580288,70.73630351,363.8849055,22.80262244,5.144245422,,,,,,1
case,OCT 2021,202143,all_ages,all_types,1405,7224894,70464,94641722,118993,38457229.8,19.44665209,74.45342129,309.4164624,15.91104016,4.15583941,25.51616645,75.00521568,314.4293598,12.32275077,4.192099935,1
case,OCT 2021,202143,all_ages,Janssen,13,43507,7298,8474065,118993,38457229.8,29.88024916,86.12159572,309.4164624,10.35521695,3.592785989,36.3654461,85.7268382,314.4293598,8.646377082,3.667805397,1
case,OCT 2021,202143,all_ages,Moderna,253,1267760,25071,38499626,118993,38457229.8,19.95645864,65.12011312,309.4164624,15.50457765,4.751473049,29.21527714,66.1963033,314.4293598,10.76249793,4.749953458,1
case,OCT 2021,202143,all_ages,Pfizer,1137,5902181,37848,47608058,118993,38457229.8,19.26406527,79.49914697,309.4164624,16.06184666,3.892072736,24.81751729,79.44984173,314.4293598,12.6696541,3.957583212,1
case,NOV 2021,202144,18-49,all_types,611,1698254,43621,47464297,88517,26959798,35.97812813,91.9027622,328.3296114,9.125811388,3.572576096,,,,,,0
case,NOV 2021,202144,50-64,all_types,429,1905265,20254,25310187,24875,7386037,22.51655282,80.0231148,336.7841239,14.95717958,4.208585541,,,,,,0
case,NOV 2021,202144,65+,all_types,854,5310808,14940,20835115,13116,3461067.8,16.08041564,71.70586771,378.9581932,23.56644267,5.284897949,,,,,,1
case,NOV 2021,202144,all_ages,all_types,1894,8914327,78815,93609599,126508,37806902.8,21.24669647,84.1954253,334.6161432,15.74909039,3.974279386,29.87043858,86.06374094,338.6581645,11.3375692,3.934969138,1
case,NOV 2021,202144,all_ages,Janssen,19,71073,8707,8503794,126508,37806902.8,26.73307726,102.3895922,334.6161432,12.51693323,3.268067934,29.17445834,102.2094332,338.6581645,11.60803606,3.31337484,1
case,NOV 2021,202144,all_ages,Moderna,273,1602916,27512,38344119,126508,37806902.8,17.03146016,71.75024676,334.6161432,19.64694395,4.663623587,23.47721807,74.99431257,338.6581645,14.42496992,4.515784637,1
case,NOV 2021,202144,all_ages,Pfizer,1597,7227397,42332,46702875,126508,37806902.8,22.0964754,90.64110079,334.6161432,15.14341709,3.691660188,31.13679006,91.25110474,338.6581645,10.87646363,3.71127742,1
case,NOV 2021,202145,18-49,all_types,766,2341447,47588,47227912,95949,26595039,32.71481268,100.7624474,360.7778127,11.02796511,3.580478858,,,,,,0
case,NOV 2021,202145,50-64,all_types,632,2691698,22916,24659350,27638,7251832,23.47960284,92.93026783,381.1174887,16.23185415,4.101112561,,,,,,0
case,NOV 2021,202145,65+,all_types,1166,7131456,15408,19149268,14169,3348961.4,16.35009737,80.46260567,423.0863933,25.87668952,5.258174151,,,,,,1
case,NOV 2021,202145,all_ages,all_types,2564,12164601,85912,91036530,137756,37195832.4,21.07755117,94.37090803,370.3533195,17.57098425,3.924443742,28.06256502,95.72363939,375.4963478,13.38068518,3.922712824,1
case,NOV 2021,202145,all_ages,Janssen,89,292423,9688,8348660,137756,37195832.4,30.43536247,116.0425745,370.3533195,12.16852008,3.19152967,31.87784196,116.1813139,375.4963478,11.77922735,3.231985723,1
case,NOV 2021,202145,all_ages,Moderna,486,3343070,29933,36832023,137756,37195832.4,14.53753586,81.26895446,370.3533195,25.47565991,4.557131588,19.09288321,83.92890891,375.4963478,19.66682264,4.473981047,1
case,NOV 2021,202145,all_ages,Pfizer,1981,8513049,46083,45799754,137756,37195832.4,23.27015855,100.6184444,370.3533195,15.91537585,3.680769682,30.40330806,100.7009913,375.4963478,12.35050959,3.728824742,1
case,NOV 2021,202146,18-49,all_types,1194,3157810,51221,46787506,101789,26204808,37.8110146,109.4758075,388.4363511,10.27310045,3.548147851,,,,,,0
case,NOV 2021,202146,50-64,all_types,912,3610980,25252,23864302,30669,7101895,25.25630161,105.8149532,431.8424871,17.09840553,4.081110221,,,,,,0
case,NOV 2021,202146,65+,all_types,1574,8893110,15924,17494734,16232,3236265.4,17.69909514,91.02167544,501.5657863,28.33849879,5.510399406,,,,,,1
case,NOV 2021,202146,all_ages,all_types,3680,15661900,92397,88146542,148690,36542968.4,23.49651064,104.822036,406.8908644,17.31707617,3.881730215,31.85007303,105.5940303,416.4683442,13.07589919,3.944051979,1
case,NOV 2021,202146,all_ages,Janssen,181,549256,10396,8167367,148690,36542968.4,32.95366824,127.2870437,406.8908644,12.3473618,3.196640072,36.43598991,126.6552941,416.4683442,11.43013667,3.288203207,1
case,NOV 2021,202146,all_ages,Moderna,900,5351186,31302,35030485,148690,36542968.4,16.8187015,89.35645624,406.8908644,24.1927633,4.553569843,23.88524157,91.22791407,416.4683442,17.43622073,4.565141584,1
case,NOV 2021,202146,all_ages,Pfizer,2595,9741941,50444,44895826,148690,36542968.4,26.63740214,112.3578838,406.8908644,15.27517069,3.621382414,34.81376373,112.0537842,416.4683442,11.96274977,3.716682549,1
case,NOV 2021,202147,18-49,all_types,1433,4088795,46481,46187213,88809,25840783,35.0470004,100.6360786,343.6776664,9.806193469,3.415054233,,,,,,0
case,NOV 2021,202147,50-64,all_types,1022,4520335,22825,23063295,27704,6959875,22.60894381,98.96677816,398.053126,17.60600271,4.022088355,,,,,,0
case,NOV 2021,202147,65+,all_types,1769,10304414,14114,16168811,15266,3166614.55,17.1674003,87.29151451,482.0921447,28.08183745,5.5227836,,,,,,1
case,NOV 2021,202147,all_ages,all_types,4224,18913544,83420,85419319,131779,35967272.55,22.33320207,97.65940653,366.3858576,16.40543333,3.751669917,29.48972013,98.02666606,378.2311092,12.82586296,3.858451219,1
case,NOV 2021,202147,all_ages,Janssen,225,783209,9442,8003433,131779,35967272.55,28.72796406,117.9743742,366.3858576,12.75363116,3.105639339,31.25895534,117.3941956,378.2311092,12.09992801,3.221889355,1
case,NOV 2021,202147,all_ages,Moderna,1157,7167658,27603,33388595,131779,35967272.55,16.1419532,82.67194232,366.3858576,22.69774005,4.431804157,21.39402832,83.96740871,378.2311092,17.67928431,4.504499007,1
case,NOV 2021,202147,all_ages,Pfizer,2833,10940543,46184,43976850,131779,35967272.55,25.89450999,105.0188906,366.3858576,14.1491713,3.488761455,33.60209255,104.6141744,378.2311092,11.25617723,3.615486251,1
case,DEC 2021,202148,18-49,all_types,2545,5220737,70343,45372507,134269,25442609,48.74790667,155.0344132,527.732828,10.82575364,3.40397217,,,,,,0
case,DEC 2021,202148,50-64,all_types,1866,5611721,32446,22082439,39143,6799672.3,33.2518313,146.9312335,575.6600947,17.31213206,3.917887852,,,,,,1
case,DEC 2021,202148,65+,all_types,3108,11630392,18135,14925120,19975,3084131.55,26.72308896,121.5065608,647.6701683,24.23635117,5.330330842,,,,,,1
case,DEC 2021,202148,all_ages,all_types,7519,22462850,120924,82380066,193387,35326412.85,33.4730455,146.7879378,547.428919,16.35432065,3.729386266,41.86699334,147.6885475,557.8374284,13.32403844,3.777120417,1
case,DEC 2021,202148,all_ages,Janssen,490,1020914,13515,7832143,193387,35326412.85,47.99620732,172.5581364,547.428919,11.40567036,3.172431799,53.0003698,171.2415436,557.8374284,10.52516106,3.2576057,1
case,DEC 2021,202148,all_ages,Moderna,2110,9027908,38941,31696253,193387,35326412.85,23.37197056,122.8567932,547.428919,23.42245459,4.455829464,28.90261532,125.7161109,557.8374284,19.30058655,4.437278757,1
case,DEC 2021,202148,all_ages,Pfizer,4903,12389425,68168,42803330,193387,35326412.85,39.57407224,159.2586371,547.428919,13.83301965,3.437357803,48.1862659,158.6698238,557.8374284,11.57668929,3.515712157,1
case,DEC 2021,202149,18-49,all_types,3341,6528019,64548,44341224,121703,25010750,51.17938535,145.571083,486.6027608,9.507788291,3.342715811,,,,,,0
case,DEC 2021,202149,50-64,all_types,2201,6780893,28832,21011372,36693,6642748.3,32.45885166,137.2209297,552.3767926,17.01775523,4.025455838,,,,,,1
case,DEC 2021,202149,65+,all_types,3086,12617180,15157,13999731,19215,3014221.55,24.45871423,108.266366,637.4780248,26.06343158,5.888052296,,,,,,1
case,DEC 2021,202149,all_ages,all_types,8628,25926092,108537,79352327,177611,34667719.85,33.27921539,136.7785976,512.3238585,15.39470966,3.745643454,42.84745627,137.5322406,525.5808185,12.26632487,3.821509897,1
case,DEC 2021,202149,all_ages,Janssen,614,1234183,12036,7675257,177611,34667719.85,49.74951041,156.8155959,512.3238585,10.29806835,3.267046595,54.52755391,155.2033734,525.5808185,9.638811589,3.38640074,1
case,DEC 2021,202149,all_ages,Moderna,2566,10707548,35031,30154783,177611,34667719.85,23.96440343,116.1706254,512.3238585,21.37853588,4.410098136,33.59087107,119.2248879,525.5808185,15.64653734,4.408314637,1
case,DEC 2021,202149,all_ages,Pfizer,5435,13957267,61270,41476391,177611,34667719.85,38.94028824,147.7225924,512.3238585,13.15665296,3.468148307,47.57680141,147.0976033,525.5808185,11.04699776,3.573007356,1
case,DEC 2021,202150,18-49,all_types,14144,7922590,129677,43223426,172036,24601870,178.5274765,300.0155518,699.2801767,3.91693307,2.330813095,,,,,,0
case,DEC 2021,202150,50-64,all_types,5862,7993076,37566,19900055,40197,6509803.65,73.33847445,188.7733476,617.4840619,8.419646939,3.271034125,,,,,,1
case,DEC 2021,202150,65+,all_types,5503,13533367,15873,13144945,19034,2952990.55,40.66246042,120.7536433,644.566912,15.85164561,5.3378672,,,,,,1
case,DEC 2021,202150,all_ages,all_types,25509,29449033,183116,76268426,231267,34064664.2,86.62084083,240.0941118,678.9058558,7.837673351,2.827665579,133.8013289,247.0178668,673.438351,5.033121545,2.726273851,1
case,DEC 2021,202150,all_ages,Janssen,1854,1447510,17704,7517608,231267,34064664.2,128.0820167,235.5004411,678.9058558,5.300555638,2.882822013,156.0096329,234.6956125,673.438351,4.316645957,2.869411762,1
case,DEC 2021,202150,all_ages,Moderna,7620,12393102,57211,28612044,231267,34064664.2,61.48581687,199.954257,678.9058558,11.04166604,3.395305836,105.3546886,216.992698,673.438351,6.392106132,3.103506971,1
case,DEC 2021,202150,all_ages,Pfizer,16009,15579268,107974,40094850,231267,34064664.2,102.7583581,269.2964308,678.9058558,6.606818835,2.521035476,149.5927342,269.6138203,673.438351,4.501811901,2.49778869,1
case,DEC 2021,202151,18-49,all_types,41138,9741434,287105,41708790,312028,24159986,422.2992221,688.3560995,1291.507371,3.058275515,1.87621984,,,,,,0
case,DEC 2021,202151,50-64,all_types,19886,9430006,76165,18573988,62216,6376665.65,210.8800355,410.0627178,975.6823302,4.626717403,2.379349031,,,,,,1
case,DEC 2021,202151,65+,all_types,15704,14519928,25459,12223701,26665,2897084.55,108.1548063,208.2757096,920.4080702,8.510098644,4.419181055,,,,,,1
case,DEC 2021,202151,all_ages,all_types,76728,33691368,388729,72506479,400909,33433736.2,227.7378586,536.1300195,1199.115162,5.265330805,2.23661261,326.0958328,550.3880227,1164.512456,3.571074325,2.115802685,1
case,DEC 2021,202151,all_ages,Janssen,5236,1704560,32100,7320204,400909,33433736.2,307.1760454,438.5123693,1199.115162,3.903674065,2.734507042,354.7761683,435.5228526,1164.512456,3.282386362,2.673826297,1
case,DEC 2021,202151,all_ages,Moderna,24010,14335292,122952,26825930,400909,33433736.2,167.4887404,458.3326654,1199.115162,7.159377755,2.616255075,264.5438744,499.1002382,1164.512456,4.401963412,2.333223603,1
case,DEC 2021,202151,all_ages,Pfizer,47426,17619752,233377,38318987,400909,33433736.2,269.1638339,609.0374988,1199.115162,4.454963896,1.968869182,364.8517172,606.6218875,1164.512456,3.191741744,1.919667721,1
case,DEC 2021,202152,12-17,all_types,355,151635,67929,7537425,77539,6166898,234.1148152,901.2228977,1257.342022,5.370621338,1.395150994,,,,,,0
case,DEC 2021,202152,18-49,all_types,97275,11480150,586630,40240697,659096,23777638,847.3321342,1457.802781,2771.91536,3.271344551,1.901433717,,,,,,0
case,DEC 2021,202152,50-64,all_types,60734,10648748,185922,17450554,148463,6263640.65,570.3393488,1065.421763,2370.234953,4.155832765,2.224691701,,,,,,1
case,DEC 2021,202152,65+,all_types,54764,15298171,66706,11497987,62814,2854974.55,357.977434,580.153726,2200.159718,6.146084944,3.792373674,,,,,,1
case,DEC 2021,202152,all_ages,all_types,213128,37578704,907187,76726663,947912,39063151.2,567.1510119,1182.362121,2426.614267,4.278603433,2.052344391,658.8419522,1195.050772,2454.692833,3.725768866,2.054048991,1
case,DEC 2021,202152,all_ages,Janssen,13369,1935927,65623,7145974,947912,39063151.2,690.5735599,918.3212813,2426.614267,3.513911345,2.642445858,684.3691713,867.1794513,2454.692833,3.586796332,2.830663053,1
case,DEC 2021,202152,all_ages,Moderna,71405,15963639,281057,25355011,947912,39063151.2,447.2977621,1108.486997,2426.614267,5.425053448,2.189122898,556.4311104,1130.630466,2454.692833,4.41149459,2.171083221,1
case,DEC 2021,202152,all_ages,Pfizer,128248,19645264,559982,44184242,947912,39063151.2,652.8189186,1267.379443,2426.614267,3.717132267,1.914670686,722.9241701,1285.88443,2454.692833,3.395505275,1.908952917,1
case,JAN 2022,202201,12-17,all_types,1859,303859,135670,7439099,146270,6082017,611.796919,1823.742364,2404.95875,3.930975582,1.318694349,,,,,,0
case,JAN 2022,202201,18-49,all_types,174788,13221103,748313,38740560,853748,23385933,1322.037957,1931.600885,3650.690353,2.761411148,1.889981714,,,,,,0
case,JAN 2022,202201,50-64,all_types,99925,11739772,235121,16441956,206063,6157278.65,851.1664451,1430.00626,3346.65705,3.931847958,2.340309371,,,,,,1
case,JAN 2022,202201,65+,all_types,82349,15958460,87700,10883238,91469,2812075.55,516.0209694,805.8263543,3252.721997,6.303468638,4.036504863,,,,,,1
case,JAN 2022,202201,all_ages,all_types,358921,41223194,1206804,73504853,1297550,38437304.2,870.6773182,1641.8018,3375.757033,3.877162024,2.05612945,1040.050915,1657.801241,3405.578451,3.274434359,2.05427428,1
case,JAN 2022,202201,all_ages,Janssen,23212,2170083,85987,6948404,1297550,38437304.2,1069.636507,1237.507203,3375.757033,3.155985245,2.727868593,1063.968369,1173.539903,3405.578451,3.20082678,2.901970732,1
case,JAN 2022,202201,all_ages,Moderna,123711,17443702,366792,24003335,1297550,38437304.2,709.2015216,1528.087659,3375.757033,4.759940484,2.209138339,902.5505563,1574.250634,3405.578451,3.773282756,2.163301304,1
case,JAN 2022,202201,all_ages,Pfizer,211846,21573439,753264,42513720,1297550,38437304.2,981.9760308,1771.813899,3375.757033,3.437718363,1.905254855,1119.012845,1751.905062,3405.578451,3.043377441,1.943928655,1
case,JAN 2022,202202,12-17,all_types,2511,449344,127567,7346765,153918,5996313,558.8146275,1736.369681,2566.877346,4.593432633,1.478301179,,,,,,0
case,JAN 2022,202202,18-49,all_types,151887,14588815,539247,37594703,663523,22974813,1041.119515,1434.369624,2888.045269,2.773980535,2.013459586,,,,,,1
case,JAN 2022,202202,50-64,all_types,89859,12526959,183877,15726592,177235,6054121.65,717.324931,1169.210723,2927.509724,4.08114872,2.503834139,,,,,,1
case,JAN 2022,202202,65+,all_types,79441,16386837,77328,10490068,86293,2779723.85,484.7854409,737.1544207,3104.37312,6.403602208,4.211292821,,,,,,1
case,JAN 2022,202202,all_ages,all_types,323698,43951955,928019,71158128,1080969,37804971.5,736.4814603,1304.164438,2859.330287,3.882419913,2.192461475,847.5268472,1311.326498,2894.855174,3.415650116,2.20757773,1
case,JAN 2022,202202,all_ages,Janssen,20882,2348512,66481,6799169,1080969,37804971.5,889.1587524,977.7812553,2859.330287,3.215770276,2.924304665,847.0568527,949.7771324,2894.855174,3.417545309,3.047931009,1
case,JAN 2022,202202,all_ages,Moderna,115187,18532143,282712,23022803,1080969,37804971.5,621.5525101,1227.965161,2859.330287,4.600303659,2.328510919,747.8484523,1272.955912,2894.855174,3.870911499,2.27412053,1
case,JAN 2022,202202,all_ages,Pfizer,187426,23034105,578143,41297959,1080969,37804971.5,813.6890928,1399.931169,2859.330287,3.514032955,2.042479195,898.5137206,1358.584246,2894.855174,3.221826342,2.130788122,1
case,JAN 2022,202203,12-17,all_types,2550,651836,87023,7211970,108719,5912514,391.2026952,1206.646728,1838.7948,4.700363323,1.523888275,,,,,,0
case,JAN 2022,202203,18-49,all_types,133880,15960925,371921,36462624,487589,22650194,838.7985032,1020.00613,2152.692379,2.566399881,2.11047004,,,,,,1
case,JAN 2022,202203,50-64,all_types,75812,13269588,127824,15057707,134092,5980052.65,571.3214306,848.8941909,2242.321395,3.924798327,2.641461585,,,,,,1
case,JAN 2022,202203,65+,all_types,69584,16796957,59728,10116005,70998,2755236.85,414.2655125,590.4307086,2576.838358,6.220257975,4.364336611,,,,,,1
case,JAN 2022,202203,all_ages,all_types,281826,46679306,646496,68848306,801398,37297997.5,603.7493359,939.0151153,2148.63546,3.55882041,2.288179843,679.1179301,942.8533024,2201.050944,3.241043781,2.33445748,1
case,JAN 2022,202203,all_ages,Janssen,18068,2529466,47287,6649925,801398,37297997.5,714.3009631,711.0907266,2148.63546,3.008025427,3.021605232,681.1229399,698.0628296,2201.050944,3.231503177,3.153084293,1
case,JAN 2022,202203,all_ages,Moderna,102808,19586466,202277,22091074,801398,37297997.5,524.8930563,915.6503663,2148.63546,4.093472821,2.346567575,629.0171224,930.7774674,2201.050944,3.499190826,2.364744551,1
case,JAN 2022,202203,all_ages,Pfizer,160713,24525040,396309,40070198,801398,37297997.5,655.3016835,989.0367899,2148.63546,3.27884929,2.172452513,713.2931063,962.0491036,2201.050944,3.085759451,2.287877964,1
case,JAN 2022,202204,12-17,all_types,2767,1021591,46526,6915540,61653,5845458,270.8520337,672.7746496,1054.716328,3.894068337,1.567711163,,,,,,0
case,JAN 2022,202204,18-49,all_types,92824,17291379,205931,35370095,303087,22370079,536.8224246,582.2178312,1354.876753,2.523882556,2.327095943,,,,,,1
case,JAN 2022,202204,50-64,all_types,52744,13953969,74381,14445859,90200,5917627.65,377.985647,514.8949606,1524.259472,4.032585588,2.96033092,,,,,,1
case,JAN 2022,202204,65+,all_types,51384,17175857,40081,9772120,53438,2732652.85,299.1641116,410.1566497,1955.535625,6.53666516,4.76777745,,,,,,1
case,JAN 2022,202204,all_ages,all_types,199719,49442796,366919,66503614,508378,36865817.5,403.9395345,551.7279106,1378.995597,3.413866381,2.499412428,444.184749,553.1754504,1446.03598,3.255483182,2.614063909,1
case,JAN 2022,202204,all_ages,Janssen,12173,2707528,27237,6505853,508378,36865817.5,449.5983052,418.6537876,1378.995597,3.067172587,3.293880618,458.6857423,390.0779153,1446.03598,3.152563611,3.707043961,1
case,JAN 2022,202204,all_ages,Moderna,73842,20563156,117575,21231671,508378,36865817.5,359.0985742,553.7717686,1378.995597,3.840158931,2.49018761,408.6007165,553.352129,1446.03598,3.538995214,2.61322927,1
case,JAN 2022,202204,all_ages,Pfizer,113492,26132602,221657,38730126,508378,36865817.5,434.2927658,572.3115902,1378.995597,3.175267251,2.409518906,466.2681663,560.1996853,1446.03598,3.101296817,2.58128667,1
case,FEB 2022,202205,12-17,all_types,2104,1335207,22613,6668606,30932,5798205,157.5785627,339.0963569,533.4754463,3.385456988,1.573226711,,,,,,0
case,FEB 2022,202205,18-49,all_types,55889,18290148,103463,34573352,163361,22163340,305.5688778,299.256491,737.0775343,2.412148579,2.463029397,,,,,,1
case,FEB 2022,202205,50-64,all_types,31723,14442667,38687,14016236,51708,5873384.65,219.6477977,276.015615,880.378233,4.008135943,3.189595751,,,,,,1
case,FEB 2022,202205,65+,all_types,33423,17444945,24198,9530554,34310,2717777.85,191.5913177,253.8991962,1262.428421,6.589173435,4.972163914,,,,,,1
case,FEB 2022,202205,all_ages,all_types,123139,51512967,188961,64788748,280311,36552707.5,239.0446662,291.6571254,766.8679536,3.20805298,2.629347569,257.2550619,292.2637446,822.0481756,3.195459672,2.812692956,1
case,FEB 2022,202205,all_ages,Janssen,7316,2839532,14171,6398773,280311,36552707.5,257.6480913,221.4643339,766.8679536,2.976416203,3.462715374,242.7624776,212.6586174,822.0481756,3.386224196,3.865576602,1
case,FEB 2022,202205,all_ages,Moderna,46168,21258398,61301,20635888,280311,36552707.5,217.1753488,297.0601507,766.8679536,3.531100366,2.581524152,243.2853532,293.0304754,822.0481756,3.37894643,2.805333386,1
case,FEB 2022,202205,all_ages,Pfizer,69479,27374733,113206,37718897,280311,36552707.5,253.8070417,300.1307276,766.8679536,3.02146051,2.5551131,267.4447924,296.0464961,822.0481756,3.073711655,2.776753606,1
case,FEB 2022,202206,12-17,all_types,1557,1541606,12055,6531439,16241,5748047,100.998569,184.5688217,282.548142,2.797545992,1.530855209,,,,,,0
case,FEB 2022,202206,18-49,all_types,36644,19070233,56604,33994107,91142,21976627,192.1528699,166.5112133,414.7224231,2.158294192,2.490657626,,,,,,1
case,FEB 2022,202206,50-64,all_types,20049,14817247,21876,13696481,29845,5832661.65,135.3085361,159.719858,511.6874901,3.781634958,3.203656055,,,,,,1
case,FEB 2022,202206,65+,all_types,22760,17657088,15199,9343075,22458,2702485.85,128.9000768,162.6766348,831.0126767,6.446952532,5.108371448,,,,,,1
case,FEB 2022,202206,all_ages,all_types,81010,53086174,105734,63565102,159686,36259821.5,152.600939,166.3397,440.3937841,2.885917917,2.64755668,162.7447806,166.5712614,482.0778563,2.962170919,2.894123825,1
case,FEB 2022,202206,all_ages,Janssen,4625,2941586,8229,6317709,159686,36259821.5,157.2281076,130.2529129,440.3937841,2.800986356,3.381066683,146.8318011,121.7193531,482.0778563,3.283197868,3.960568669,1
case,FEB 2022,202206,all_ages,Moderna,30452,21785556,34121,20201937,159686,36259821.5,139.7806877,168.8996456,440.3937841,3.150605361,2.607428704,151.1708037,158.5088077,482.0778563,3.18896139,3.041331667,1
case,FEB 2022,202206,all_ages,Pfizer,45825,28318185,63180,37010778,159686,36259821.5,161.8218117,170.7070303,440.3937841,2.721473573,2.579822187,169.8650387,169.4730409,482.0778563,2.83800516,2.844569577,1
case,FEB 2022,202207,12-17,all_types,1051,1678528,6190,6458170,8187,5714425,62.61438594,95.84758531,143.2690078,2.288116471,1.494758656,,,,,,0
case,FEB 2022,202207,18-49,all_types,22920,19625149,31018,33635864,52317,21829639,116.7889222,92.21704547,239.6603993,2.052081608,2.598873105,,,,,,1
case,FEB 2022,202207,50-64,all_types,12175,15083075,11739,13480746,16860,5803551.65,80.71961454,87.07975063,290.5117593,3.599023124,3.336157456,,,,,,1
case,FEB 2022,202207,65+,all_types,14275,17809919,8918,9211501,13611,2692245.85,80.15196476,96.81375489,505.5630414,6.307556438,5.222016664,,,,,,1
case,FEB 2022,202207,all_ages,all_types,50421,54196671,57865,62786281,90975,36039861.5,93.03338945,92.161853,252.428828,2.713314322,2.738973011,99.04309639,92.36522937,279.4339165,2.821336637,3.025315028,1
case,FEB 2022,202207,all_ages,Janssen,2829,3017867,4574,6258855,90975,36039861.5,93.74170565,73.08045961,252.428828,2.692812407,3.454122065,95.47523773,72.12985605,279.4339165,2.926768481,3.874039569,1
case,FEB 2022,202207,all_ages,Moderna,19002,22152797,19065,19925455,90975,36039861.5,85.77697886,95.68162935,252.428828,2.942850534,2.638216236,91.57995695,91.72506638,279.4339165,3.051256255,3.046429155,1
case,FEB 2022,202207,all_ages,Pfizer,28505,28984769,34098,36567662,90975,36039861.5,98.34475479,93.24632239,252.428828,2.566774695,2.707118324,103.6840588,93.24831711,279.4339165,2.695051869,2.996664446,1
case,FEB 2022,202208,12-17,all_types,651,1780351,2970,6412642,4114,5682225,36.56582326,46.31476387,72.40121607,1.980024231,1.56324269,,,,,,0
case,FEB 2022,202208,18-49,all_types,15833,20054795,17494,33386906,31896,21766170,78.9487003,52.39778732,146.5393314,1.856133551,2.796670221,,,,,,1
case,FEB 2022,202208,50-64,all_types,8180,15293107,6630,13315499,10064,5776903.65,53.48814992,49.7916,174.210972,3.257001266,3.498802449,,,,,,1
case,FEB 2022,202208,65+,all_types,9896,17933594,5342,9107378,8527,2683246.85,55.18135406,58.65574043,317.7866397,5.758949652,5.417826753,,,,,,1
case,FEB 2022,202208,all_ages,all_types,34560,55061847,32436,62222425,54601,35908545.5,62.76578408,52.12911583,152.0557272,2.422589464,2.916905933,66.31174542,52.24924221,169.9828752,2.563390152,3.253307952,1
case,FEB 2022,202208,all_ages,Janssen,1825,3076555,2477,6215960,54601,35908545.5,59.31959611,39.84903378,152.0557272,2.563330454,3.815794583,55.73512891,37.87157848,169.9828752,3.049833713,4.488402174,1
case,FEB 2022,202208,all_ages,Moderna,12957,22439833,10647,19734061,54601,35908545.5,57.74107142,53.9524024,152.0557272,2.63340675,2.818330982,58.43657325,51.62223817,169.9828752,2.908843994,3.292822651,1
case,FEB 2022,202208,all_ages,Pfizer,19718,29503939,19234,36238364,54601,35908545.5,66.83175423,53.07634749,152.0557272,2.275201796,2.864849117,69.99651502,53.91839493,169.9828752,2.428447689,3.152595239,1
case,MAR 2022,202209,12-17,all_types,649,1860102,2164,6377713,2902,5659387,34.89055977,33.93065822,51.27763837,1.469670843,1.511247971,,,,,,0
case,MAR 2022,202209,18-49,all_types,12513,20413078,11561,33180576,20640,21653418,61.29893787,34.84267422,95.31982433,1.554999608,2.735720678,,,,,,1
case,MAR 2022,202209,50-64,all_types,6169,15464044,4306,13180535,6775,5754784.65,39.8925404,32.66938709,117.7281238,2.951131281,3.603622055,,,,,,1
case,MAR 2022,202209,65+,all_types,7158,18030966,3600,9026169,5884,2674752.85,39.69837223,39.88403053,219.9829416,5.541359235,5.515564467,,,,,,1
case,MAR 2022,202209,all_ages,all_types,26489,55768190,21631,61764993,36201,35742342.5,47.49840366,35.02145625,101.2832329,2.13235025,2.892033735,51.38520406,35.12374652,113.8267905,2.215166653,3.24073602,1
case,MAR 2022,202209,all_ages,Janssen,1470,3126423,1719,6182104,36201,35742342.5,47.01858962,27.80606732,101.2832329,2.1541104,3.64248679,44.33180213,25.33415124,113.8267905,2.567610272,4.493017722,1
case,MAR 2022,202209,all_ages,Moderna,9687,22672185,7056,19576629,36201,35742342.5,42.72636272,36.04297757,101.2832329,2.37050913,2.810068416,46.16549849,32.18297297,113.8267905,2.465624638,3.536863751,1
case,MAR 2022,202209,all_ages,Pfizer,15318,29927839,12831,35972426,36201,35742342.5,51.18311416,35.66898713,101.2832329,1.978840768,2.839532071,54.64124035,35.97966284,113.8267905,2.0831663,3.1636425,1
case,MAR 2022,202210,12-17,all_types,540,1940398,1579,6335076,2132,5640015,27.82934223,24.92472071,37.8013179,1.358325957,1.516619518,,,,,,0
case,MAR 2022,202210,18-49,all_types,10357,20732296,8524,32985736,15243,21565544,49.95587561,25.84147281,70.68219564,1.414892538,2.735223188,,,,,,1
case,MAR 2022,202210,50-64,all_types,4795,15605433,3008,13068194,4912,5737818.65,30.7264784,23.01771767,85.60744596,2.786113164,3.719197845,,,,,,1
case,MAR 2022,202210,65+,all_types,5601,18107787,2425,8962394,4123,2668735.85,30.93144403,27.05750272,154.4926224,4.994678628,5.709788669,,,,,,1
case,MAR 2022,202210,all_ages,all_types,21293,56385914,15536,61351400,26410,35612113.5,37.76297747,25.32297552,74.16015901,1.963832409,2.928572078,41.27396432,25.4205724,82.75937593,2.005123018,3.25560631,1
case,MAR 2022,202210,all_ages,Janssen,1135,3167680,1242,6153560,26410,35612113.5,35.83063946,20.18343853,74.16015901,2.069741432,3.674307473,34.21898456,20.34720527,82.75937593,2.418522262,4.067358384,1
case,MAR 2022,202210,all_ages,Moderna,7728,22867004,4921,19439083,26410,35612113.5,33.79541981,25.31498014,74.16015901,2.194384903,2.929497026,39.63074147,24.40309186,82.75937593,2.088262113,3.391347965,1
case,MAR 2022,202210,all_ages,Pfizer,12406,30309290,9346,35725107,26410,35612113.5,40.93134481,26.16087336,74.16015901,1.811818286,2.834773824,44.09270801,26.34878111,82.75937593,1.876940194,3.140918571,1
case,MAR 2022,202211,12-17,all_types,586,1999402,1516,6305847,2177,5624441,29.30876332,24.04117956,38.70606875,1.32063125,1.609990419,,,,,,0
case,MAR 2022,202211,18-49,all_types,10316,20989575,7338,32832367,13289,21497865,49.1482081,22.34989637,61.81544074,1.257735391,2.765804356,,,,,,1
case,MAR 2022,202211,50-64,all_types,5054,15713674,2657,12983633,4371,5724849.65,32.1630702,20.464226,76.35135012,2.373882519,3.730966914,,,,,,1
case,MAR 2022,202211,65+,all_types,5128,18172121,2085,8909305,3651,2663225.85,28.21905049,23.40249885,137.0893873,4.858043942,5.857895269,,,,,,1
case,MAR 2022,202211,all_ages,all_types,21084,56874772,13596,61031152,23488,35510381.5,37.07091784,22.27714791,66.14403734,1.784256803,2.969142981,40.81945903,22.34468704,73.53406532,1.801446346,3.29089708,1
case,MAR 2022,202211,all_ages,Janssen,1093,3199253,1075,6132624,23488,35510381.5,34.16422521,17.5292012,66.14403734,1.93606139,3.773362892,32.52772659,15.74010793,73.53406532,2.260658,4.67176373,1
case,MAR 2022,202211,all_ages,Moderna,7611,23023072,4210,19330399,23488,35510381.5,33.05814272,21.77916762,66.14403734,2.000839488,3.037032383,41.03813672,22.90223297,73.53406532,1.791847077,3.210781474,1
case,MAR 2022,202211,all_ages,Pfizer,12358,30610317,8286,35534652,23488,35510381.5,40.37200922,23.31808399,66.14403734,1.638363773,2.836598297,43.71976577,23.34517622,73.53406532,1.681940972,3.149861224,1
death,SEP 2021,202138,18-49,all_types,0,290340,33,42360864,527,28264750,0,0.077902094,1.864513219,,23.93405784,,,,,,0
death,SEP 2021,202138,50-64,all_types,2,362027,109,23909112,1064,7775947,0.552444983,0.455893134,13.68322084,24.76847695,30.0140972,,,,,,0
death,SEP 2021,202138,65+,all_types,12,818564,878,22894661,1863,4064015.2,1.46598189,3.834955233,45.84136398,31.27007522,11.95355909,,,,,,1
death,SEP 2021,202138,all_ages,all_types,14,1470931,1020,89164637,3454,40104712.2,0.95177816,1.143951273,8.612454274,9.04880427,7.528689794,0.361224446,0.793976079,11.74018509,32.50108133,14.78657279,1
death,SEP 2021,202138,all_ages,Janssen,0,31917,81,7655918,3454,40104712.2,0,1.058005062,8.612454274,,8.140277,0,1.167697061,11.74018509,,10.05413603,1
death,SEP 2021,202138,all_ages,Moderna,8,653548,383,35141959,3454,40104712.2,1.224087596,1.089865252,8.612454274,7.035815332,7.902311096,0.34245264,0.652304176,11.74018509,34.2826532,17.99802228,1
death,SEP 2021,202138,all_ages,Pfizer,6,781361,553,46302336,3454,40104712.2,0.767890898,1.194324191,8.612454274,11.21572647,7.211152832,0.367977724,0.899083242,11.74018509,31.90460811,13.05795119,1
death,SEP 2021,202139,18-49,all_types,3,353367,32,43113596,433,27733785,0.848975711,0.074222526,1.56127265,1.839007442,21.03502446,,,,,,0
death,SEP 2021,202139,50-64,all_types,3,436210,100,24079844,849,7626483,0.687742143,0.415285082,11.1322611,16.18667871,26.80631106,,,,,,0
death,SEP 2021,202139,65+,all_types,17,1015730,747,22796025,1617,3940589.2,1.673673122,3.276887089,41.03447271,24.51761469,12.52239446,,,,,,1
death,SEP 2021,202139,all_ages,all_types,23,1805307,879,89989465,2899,39300857.2,1.274021538,0.976781004,7.376429438,5.78987813,7.551774047,0.956819902,0.688440991,10.21599303,10.67702815,14.83931545,1
death,SEP 2021,202139,all_ages,Janssen,0,35703,55,7717002,2899,39300857.2,0,0.712712009,7.376429438,,10.34980377,0,0.755292277,10.21599303,,13.52588043,1
death,SEP 2021,202139,all_ages,Moderna,8,767302,353,35432568,2899,39300857.2,1.042614251,0.996258583,7.376429438,7.074936326,7.404131379,0.769449832,0.588461083,10.21599303,13.2770099,17.36052448,1
death,SEP 2021,202139,all_ages,Pfizer,15,997429,471,46775603,2899,39300857.2,1.503866441,1.006935175,7.376429438,4.904976425,7.325624946,1.155776584,0.776695656,10.21599303,8.839072507,13.15314815,1
death,OCT 2021,202140,18-49,all_types,1,424980,14,43783415,361,27263802,0.235305191,0.0319756,1.324099992,5.627160144,41.40972817,,,,,,0
death,OCT 2021,202140,50-64,all_types,4,520031,97,24216656,700,7494561,0.769184914,0.400550761,9.340106779,12.14286267,23.31816009,,,,,,0
death,OCT 2021,202140,65+,all_types,21,1300381,683,22603082,1455,3846852.8,1.614911322,3.021711818,37.82312648,23.42117859,12.51711902,,,,,,1
death,OCT 2021,202140,all_ages,all_types,26,2245392,794,90603153,2516,38605215.8,1.15792699,0.876349193,6.517254075,5.628380832,7.436823276,0.578071733,0.615497782,9.158248935,15.84275516,14.87941827,1
death,OCT 2021,202140,all_ages,Janssen,0,39022,59,7772854,2516,38605215.8,0,0.759051952,6.517254075,,8.586044815,0,0.833214892,9.158248935,,10.99146093,1
death,OCT 2021,202140,all_ages,Moderna,8,879786,301,35641011,2516,38605215.8,0.909312037,0.844532721,6.517254075,7.167236117,7.716994159,0.815143296,0.504915221,9.158248935,11.23513987,18.13819143,1
death,OCT 2021,202140,all_ages,Pfizer,18,1320999,432,47125113,2516,38605215.8,1.362605119,0.916708677,6.517254075,4.782936731,7.109405897,0.495514521,0.706540164,9.158248935,18.48230184,12.96210662,1
death,OCT 2021,202141,18-49,all_types,0,656392,20,44155434,315,26851277,0,0.0452945,1.173128563,,25.90000042,,,,,,0
death,OCT 2021,202141,50-64,all_types,7,747262,86,24169030,666,7377864,0.936753107,0.355827272,9.027002937,9.636480384,25.3690587,,,,,,0
death,OCT 2021,202141,65+,all_types,22,2301942,630,21706313,1312,3768218.8,0.955714783,2.902381441,34.81751113,36.43085964,11.99618721,,,,,,1
death,OCT 2021,202141,all_ages,all_types,29,3705596,736,90030777,2293,37997359.8,0.782600154,0.817498221,6.034629806,7.711000024,7.381826228,0.351987147,0.594504047,8.488466446,24.11584204,14.27823157,1
death,OCT 2021,202141,all_ages,Janssen,0,42351,72,7824034,2293,37997359.8,0,0.9202414,6.034629806,,6.557659553,0,0.998224127,8.488466446,,8.503567706,1
death,OCT 2021,202141,all_ages,Moderna,6,974123,287,35801767,2293,37997359.8,0.615938644,0.801636411,6.034629806,9.797452818,7.527888859,0.233088306,0.482196995,8.488466446,36.41738449,17.60373155,1
death,OCT 2021,202141,all_ages,Pfizer,23,2681572,376,46342214,2293,37997359.8,0.857705853,0.81135528,6.034629806,7.035780138,7.437715582,0.408488332,0.668107955,8.488466446,20.78019318,12.70523181,1
death,OCT 2021,202142,18-49,all_types,1,968014,19,44383457,283,26474971,0.103304291,0.0428087,1.068934127,10.347432,24.96999571,,,,,,0
death,OCT 2021,202142,50-64,all_types,5,1062733,81,24013867,552,7262925,0.470485061,0.337305108,7.600243703,16.15405958,22.53225203,,,,,,0
death,OCT 2021,202142,65+,all_types,21,3303839,622,20799831,1200,3687187.8,0.635624194,2.990408912,32.5451283,51.20184006,10.88316991,,,,,,1
death,OCT 2021,202142,all_ages,all_types,27,5334586,722,89197155,2035,37425083.8,0.506131122,0.809442857,5.437529575,10.74332191,6.71762006,0.268125699,0.604189799,7.747890972,28.89648774,12.8236044,1
death,OCT 2021,202142,all_ages,Janssen,0,45876,65,7872617,2035,37425083.8,0,0.825646669,5.437529575,,6.585782734,0,0.929925727,7.747890972,,8.33173096,1
death,OCT 2021,202142,all_ages,Moderna,11,1066962,293,35896336,2035,37425083.8,1.030964552,0.816239295,5.437529575,5.274215846,6.661685619,0.755814249,0.497110934,7.747890972,10.25105174,15.58583899,1
death,OCT 2021,202142,all_ages,Pfizer,15,4211843,363,45367111,2035,37425083.8,0.356138631,0.800139114,5.437529575,15.26801392,6.795730242,0.153007411,0.699439055,7.747890972,50.63735758,11.07729246,1
death,OCT 2021,202143,18-49,all_types,0,1286291,20,44528274,263,26096725,0,0.0449153,1.007789292,,22.43755886,,,,,,0
death,OCT 2021,202143,50-64,all_types,5,1406221,71,23807114,501,7123335,0.355562888,0.298230184,7.0332225,19.78053036,23.58320139,,,,,,0
death,OCT 2021,202143,65+,all_types,28,4151489,645,20032695,1154,3537689.8,0.674456803,3.219736536,32.62015794,48.36508102,10.13131279,,,,,,1
death,OCT 2021,202143,all_ages,all_types,33,6844001,736,88368083,1918,36757749.8,0.482174097,0.832879899,5.217947264,10.82170797,6.26494561,0.186675504,0.636664576,7.607726084,40.75374595,11.94934723,1
death,OCT 2021,202143,all_ages,Janssen,1,50088,63,7919555,1918,36757749.8,1.996486184,0.795499242,5.217947264,2.613565426,6.559336563,2.639812102,0.892715975,7.607726084,2.881919542,8.522000614,1
death,OCT 2021,202143,all_ages,Moderna,15,1232534,326,35908365,1918,36757749.8,1.217004967,0.907866454,5.217947264,4.287531609,5.747483279,0.488518425,0.554644689,7.607726084,15.57305866,13.71639581,1
death,OCT 2021,202143,all_ages,Pfizer,17,5549933,346,44480190,1918,36757749.8,0.306310004,0.777874375,5.217947264,17.03485748,6.707956234,0.112057966,0.717766811,7.607726084,67.89098823,10.59916112,1
death,NOV 2021,202144,18-49,all_types,2,1629414,17,44596501,263,25726637,0.122743514,0.0381196,1.022286745,8.328641672,26.81788932,,,,,,0
death,NOV 2021,202144,50-64,all_types,3,1794888,97,23542284,582,6992118,0.167141348,0.412024594,8.323658153,49.80011379,20.20184785,,,,,,0
death,NOV 2021,202144,65+,all_types,40,4988016,655,19275609,1193,3420518.8,0.801922047,3.398076813,34.87775012,43.49269392,10.26396755,,,,,,1
death,NOV 2021,202144,all_ages,all_types,45,8412318,769,87414394,2038,36139273.8,0.534929849,0.879717819,5.639294279,10.54211928,6.4103445,0.247355848,0.685755357,8.26193838,33.40102308,12.04793852,1
death,NOV 2021,202144,all_ages,Janssen,1,77105,73,7946377,2038,36139273.8,1.296932754,0.918657647,5.639294279,4.348177854,6.138624433,1.552264387,0.968267682,8.26193838,5.322507204,8.532700752,1
death,NOV 2021,202144,all_ages,Moderna,7,1557778,367,35751404,2038,36139273.8,0.449357996,1.026533112,5.639294279,12.54966938,5.493533734,0.357440248,0.617384632,8.26193838,23.11418039,13.38215749,1
death,NOV 2021,202144,all_ages,Pfizer,36,6764494,325,43657802,2038,36139273.8,0.532190582,0.744425933,5.639294279,10.5963812,7.575359787,0.225604432,0.715752878,8.26193838,36.62134786,11.54300406,1
death,NOV 2021,202145,18-49,all_types,1,2243285,19,44361861,280,25378539,0.0445775,0.0428296,1.103294402,24.75003782,25.76010152,,,,,,0
death,NOV 2021,202145,50-64,all_types,3,2535924,94,22928997,592,6863332,0.118300075,0.409961238,8.625548057,72.91244777,21.03991123,,,,,,0
death,NOV 2021,202145,65+,all_types,33,6690000,707,17704173,1336,3315240.4,0.493273543,3.993408786,40.29873671,81.69652987,10.09131268,,,,,,1
death,NOV 2021,202145,all_ages,all_types,37,11469209,820,84995031,2208,35557111.4,0.322602893,0.964762281,6.209728274,19.24883011,6.43653716,0.135870767,0.789660834,9.296799513,68.42383919,11.77315515,1
death,NOV 2021,202145,all_ages,Janssen,0,291840,70,7793361,2208,35557111.4,0,0.898200404,6.209728274,,6.913522022,0,1.022063817,9.296799513,,9.096104723,1
death,NOV 2021,202145,all_ages,Moderna,9,3210212,420,34313824,2208,35557111.4,0.280355316,1.223996486,6.209728274,22.14949358,5.073321978,0.073095271,0.773649312,9.296799513,127.187428,12.01681353,1
death,NOV 2021,202145,all_ages,Pfizer,28,7951098,328,42831753,2208,35557111.4,0.352152621,0.765787009,6.209728274,17.63362788,8.108949623,0.16248047,0.764011259,9.296799513,57.21795072,12.16840642,1
death,NOV 2021,202146,18-49,all_types,2,3016281,27,43940794,320,25004776,0.06630682,0.0614463,1.279755516,19.30051123,20.8272124,,,,,,0
death,NOV 2021,202146,50-64,all_types,10,3394862,108,22187094,695,6718902,0.294562783,0.486769471,10.34395203,35.11628969,21.25020704,,,,,,0
death,NOV 2021,202146,65+,all_types,62,8306666,735,16189974,1557,3208720.4,0.746388503,4.539846698,48.52401599,65.01174094,10.68847017,,,,,,1
death,NOV 2021,202146,all_ages,all_types,74,14717809,870,82317862,2572,34932398.4,0.502792229,1.056878761,7.362792473,14.64380721,6.966544077,0.228219239,0.909905449,11.15524671,48.87951944,12.25978669,1
death,NOV 2021,202146,all_ages,Janssen,0,535587,110,7620466,2572,34932398.4,0,1.443481278,7.362792473,,5.100719064,0,1.686520543,11.15524671,,6.614355668,1
death,NOV 2021,202146,all_ages,Moderna,21,5075389,399,32643045,2572,34932398.4,0.413761389,1.222312441,7.362792473,17.79477901,6.023658296,0.239821065,0.821616171,11.15524671,46.51487444,13.57719955,1
death,NOV 2021,202146,all_ages,Pfizer,53,9087316,359,42001487,2572,34932398.4,0.583230516,0.854731643,7.362792473,12.62415507,8.61415689,0.24610933,0.885524297,11.15524671,45.32638698,12.59733555,1
death,NOV 2021,202147,18-49,all_types,4,3895139,21,43371855,305,24655228,0.102692099,0.0484185,1.237060148,12.04630307,25.54933018,,,,,,0
death,NOV 2021,202147,50-64,all_types,16,4240520,126,21443425,662,6582028,0.377312216,0.5875927,10.05769043,26.65614838,17.11677225,,,,,,0
death,NOV 2021,202147,65+,all_types,69,9587855,735,14989994,1459,3143771.55,0.719660445,4.903270809,46.40922461,64.48766902,9.464952361,,,,,,1
death,NOV 2021,202147,all_ages,all_types,89,17723514,882,79805274,2426,34381027.55,0.502157755,1.105190116,7.05621726,14.05179386,6.384618501,0.26322566,0.983977526,10.71053034,40.68953748,10.88493391,1
death,NOV 2021,202147,all_ages,Janssen,2,755707,98,7465768,2426,34381027.55,0.264652835,1.312657988,7.05621726,26.66216388,5.375518471,0.322877021,1.547846377,10.71053034,33.17216662,6.919633953,1
death,NOV 2021,202147,all_ages,Moderna,38,6748474,391,31134136,2426,34381027.55,0.563090263,1.255856273,7.05621726,12.5312365,5.618650327,0.3914005,0.880710416,10.71053034,27.36463125,12.16123955,1
death,NOV 2021,202147,all_ages,Pfizer,48,10197199,392,41154929,2426,34381027.55,0.470717498,0.952498302,7.05621726,14.99034408,7.408115314,0.183169114,1.014366759,10.71053034,58.47345167,10.55883412,1
death,DEC 2021,202148,18-49,all_types,0,4967033,29,42597971,351,24274665,0,0.06807836,1.445951983,,21.23952436,,,,,,0
death,DEC 2021,202148,50-64,all_types,10,5259152,127,20529351,859,6427819.3,0.190144723,0.618626473,13.36378576,70.28218058,21.60235027,,,,,,1
death,DEC 2021,202148,65+,all_types,103,10793409,770,13862959,1911,3065642.55,0.954286083,5.554369742,62.33603458,65.32216666,11.22288171,,,,,,1
death,DEC 2021,202148,all_ages,all_types,113,21019594,926,76990281,3121,33768126.85,0.537593638,1.202749215,9.242443366,17.19224842,7.684431014,0.200900707,1.113449142,14.22143123,70.78835843,12.77241204,1
death,DEC 2021,202148,all_ages,Janssen,2,979314,110,7304257,3121,33768126.85,0.20422459,1.505971107,9.242443366,45.25627092,6.137198332,0.188005234,1.755570385,14.22143123,75.64380467,8.100746827,1
death,DEC 2021,202148,all_ages,Moderna,41,8468856,389,29572343,3121,33768126.85,0.484126782,1.315418261,9.242443366,19.09095658,7.026239213,0.163463725,0.965474352,14.22143123,87.00053308,14.72999381,1
death,DEC 2021,202148,all_ages,Pfizer,70,11546821,427,40065341,3121,33768126.85,0.606227463,1.065759056,9.242443366,15.24583417,8.672169676,0.236455896,1.159558626,14.22143123,60.14411768,12.26452109,1
death,DEC 2021,202149,18-49,all_types,2,6208887,17,41616567,339,23861021,0.0322119,0.0408491,1.420727135,44.10567119,34.77987412,,,,,,0
death,DEC 2021,202149,50-64,all_types,14,6349443,121,19532214,887,6277541.3,0.220491782,0.619489424,14.12973579,64.08282287,22.80867961,,,,,,1
death,DEC 2021,202149,65+,all_types,104,11687182,732,13027654,1941,3000200.55,0.889863784,5.618816711,64.69567509,72.70289706,11.51411025,,,,,,1
death,DEC 2021,202149,all_ages,all_types,120,24245512,870,74176435,3167,33138762.85,0.49493696,1.17287923,9.556784043,19.30909352,8.148139889,0.216282133,1.107505101,14.76211965,68.25399514,13.32916629,1
death,DEC 2021,202149,all_ages,Janssen,5,1179738,111,7156376,3167,33138762.85,0.423822917,1.551064393,9.556784043,22.54900259,6.161436032,0.404020308,1.842199015,14.76211965,36.53806341,8.01331427,1
death,DEC 2021,202149,all_ages,Moderna,44,10029693,379,28142399,3167,33138762.85,0.438697376,1.346722431,9.556784043,21.78445682,7.09632796,0.194575935,1.018656424,14.76211965,75.86816765,14.49175533,1
death,DEC 2021,202149,all_ages,Pfizer,70,13008987,378,38831764,3167,33138762.85,0.538089553,0.973429896,9.556784043,17.76058277,9.81763975,0.219934707,1.08551103,14.76211965,67.12046445,13.59923506,1
death,DEC 2021,202150,18-49,all_types,3,7516651,26,40569114,324,23472470,0.0399114,0.064088163,1.380340458,34.58512496,21.53814978,,,,,,0
death,DEC 2021,202150,50-64,all_types,19,7470636,119,18506708,748,6153985.55,0.254329083,0.643010091,12.15472467,47.79132827,18.90285213,,,,,,1
death,DEC 2021,202150,65+,all_types,140,12523589,565,12249832,1682,2943161.55,1.117890407,4.612308152,57.14942831,51.12256798,12.39063532,,,,,,1
death,DEC 2021,202150,all_ages,all_types,162,27510876,710,71325654,2754,32569617.1,0.588858021,0.995434265,8.455733426,14.3595453,8.494517137,0.266777091,0.955468103,13.05285865,48.92795939,13.66121863,1
death,DEC 2021,202150,all_ages,Janssen,6,1378350,89,7009315,2754,32569617.1,0.43530308,1.269738912,8.455733426,19.42493361,6.65942687,0.382614057,1.523707791,13.05285865,34.11494799,8.566510406,1
death,DEC 2021,202150,all_ages,Moderna,54,11594985,289,26712583,2754,32569617.1,0.465718584,1.081887139,8.455733426,18.15631523,7.815725985,0.166226491,0.836242586,13.05285865,78.52453937,15.60893797,1
death,DEC 2021,202150,all_ages,Pfizer,102,14508388,331,37559832,2754,32569617.1,0.703041578,0.881260598,8.455733426,12.02735896,9.59504311,0.333665643,0.980771788,13.05285865,39.11957652,13.30876236,1
death,DEC 2021,202151,18-49,all_types,3,9229728,36,39143483,297,23048893,0.0325037,0.091969332,1.288565138,39.64368579,14.01081322,,,,,,0
death,DEC 2021,202151,50-64,all_types,27,8793695,145,17288732,742,6038302.55,0.307038168,0.838696557,12.28822163,40.02180485,14.65157038,,,,,,1
death,DEC 2021,202151,65+,all_types,186,13423182,719,11412602,1781,2890653.55,1.385662505,6.300053222,61.61236444,44.46419255,9.77965777,,,,,,1
death,DEC 2021,202151,all_ages,all_types,216,31446605,900,67844817,2820,31977849.1,0.686878599,1.326556751,8.818604376,12.83866521,6.647740001,0.318369524,1.299873808,13.78211793,43.28968977,10.60265839,1
death,DEC 2021,202151,all_ages,Janssen,6,1617914,136,6824835,2820,31977849.1,0.370847894,1.992722168,8.818604376,23.77957247,4.425405867,0.342330715,2.477068893,13.78211793,40.25965921,5.563881558,1
death,DEC 2021,202151,all_ages,Moderna,83,13394042,360,25061674,2820,31977849.1,0.619678511,1.43645632,8.818604376,14.23093463,6.139138556,0.239465873,1.14074122,13.78211793,57.55357849,12.08172168,1
death,DEC 2021,202151,all_ages,Pfizer,127,16402885,403,35916950,2820,31977849.1,0.774254041,1.122032912,8.818604376,11.38980736,7.85948815,0.391556401,1.265072241,13.78211793,35.1982956,10.89433274,1
death,DEC 2021,202152,12-17,all_types,0,149730,0,7103706,2,5821244,0,0,0.0343569,,,,,,,,0
death,DEC 2021,202152,18-49,all_types,8,10846179,93,37781674,412,22679009,0.073758694,0.246151084,1.816657862,24.62974544,7.380255388,,,,,,0
death,DEC 2021,202152,50-64,all_types,64,9899110,334,16273229,917,5941510.55,0.646522768,2.052450684,15.43378561,23.87199085,7.519686452,,,,,,1
death,DEC 2021,202152,65+,all_types,509,14122496,1606,10763167,2683,2850883.55,3.604178751,14.92125877,94.11117476,26.11168348,6.307187363,,,,,,1
death,DEC 2021,202152,all_ages,all_types,581,35017515,2033,71921776,4014,37292647.1,1.659169704,2.826682144,10.7635159,6.487290524,3.807826756,0.708512803,2.786919547,18.18036276,25.65989308,6.523461639,1
death,DEC 2021,202152,all_ages,Janssen,22,1830724,271,6664487,4014,37292647.1,1.201710362,4.066329486,10.7635159,8.956830401,2.646985675,1.018177497,4.633054557,18.18036276,17.8557892,3.924055401,1
death,DEC 2021,202152,all_ages,Moderna,214,14881988,753,23722701,4014,37292647.1,1.437979926,3.174174813,10.7635159,7.485164227,3.390965065,0.56485199,2.284461025,18.18036276,32.18606483,7.958272239,1
death,DEC 2021,202152,all_ages,Pfizer,344,18270929,1005,41493152,4014,37292647.1,1.882772354,2.42208642,10.7635159,5.716844035,4.4439025,0.832201396,2.965780868,18.18036276,21.84610943,6.130042496,1
death,JAN 2022,202201,12-17,all_types,0,296171,1,7007786,4,5737898,0,0.0142698,0.06971194,,4.885263558,,,,,,0
death,JAN 2022,202201,18-49,all_types,16,12467044,115,36387056,484,22303840,0.128338362,0.316046453,2.170029914,16.90866151,6.866173914,,,,,,0
death,JAN 2022,202201,50-64,all_types,127,10895964,457,15354077,1139,5847443.55,1.165569196,2.976408155,19.47859762,16.71166129,6.544330146,,,,,,1
death,JAN 2022,202201,65+,all_types,890,14720667,2403,10208238,3865,2810291.55,6.045921696,23.53981167,137.5302146,22.74760103,5.842451781,,,,,,1
death,JAN 2022,202201,all_ages,all_types,1033,38379846,2976,68957157,5492,36699473.1,2.691516792,4.315723167,14.96479251,5.559984819,3.467505196,1.205779883,4.310116443,25.74048178,21.3475794,5.972108207,1
death,JAN 2022,202201,all_ages,Janssen,62,2047778,378,6480423,5492,36699473.1,3.027671945,5.832952571,14.96479251,4.942673043,2.565560464,2.269177651,6.755426695,25.74048178,11.34352869,3.810341366,1
death,JAN 2022,202201,all_ages,Moderna,378,16246662,1142,22479373,5492,36699473.1,2.326631772,5.080212869,14.96479251,6.431955707,2.945701862,0.969926577,3.677749602,25.74048178,26.53858795,6.99897616,1
death,JAN 2022,202201,all_ages,Pfizer,592,20049436,1450,39957967,5492,36699473.1,2.952701512,3.628813248,14.96479251,5.068169757,4.123880587,1.382701238,4.520408502,25.74048178,18.61608357,5.694282224,1
death,JAN 2022,202202,12-17,all_types,0,434969,4,6918948,4,5653828,0,0.0578123,0.070748526,,1.22376344,,,,,,0
death,JAN 2022,202202,18-49,all_types,19,13737672,94,35325785,387,21935097.55,0.138305821,0.266094582,1.764295778,12.75648248,6.630333333,,,,,,1
death,JAN 2022,202202,50-64,all_types,107,11616411,393,14701563,1062,5754417.55,0.92111066,2.673185157,18.45538651,20.03601447,6.903893827,,,,,,1
death,JAN 2022,202202,65+,all_types,1023,15106579,2400,9855734,4061,2776004.55,6.771883959,24.35130656,146.2893856,21.60246491,6.007455297,,,,,,1
death,JAN 2022,202202,all_ages,all_types,1149,40895631,2891,66802030,5514,36119347.65,2.809591078,4.327712796,15.26605645,5.433551011,3.527511452,1.27789934,4.355462022,26.66365134,20.86522037,6.12188815,1
death,JAN 2022,202202,all_ages,Janssen,69,2212183,324,6342892,5514,36119347.65,3.119090961,5.108080037,15.26605645,4.894392833,2.988609485,2.499825556,5.934318259,26.66365134,10.6662048,4.493127968,1
death,JAN 2022,202202,all_ages,Moderna,435,17251193,1228,21576876,5514,36119347.65,2.52156474,5.691278014,15.26605645,6.05419968,2.682359991,1.005799137,4.112220334,26.66365134,26.5099167,6.484003574,1
death,JAN 2022,202202,all_ages,Pfizer,645,21395060,1336,38844065,5514,36119347.65,3.014714612,3.439392865,15.26605645,5.063847963,4.438590486,1.458170653,4.318505955,26.66365134,18.28568644,6.174276848,1
death,JAN 2022,202203,12-17,all_types,0,627599,2,6789956,3,5571070,0,0.0294553,0.0538496,,1.828182737,,,,,,0
death,JAN 2022,202203,18-49,all_types,24,15008256,88,34281121,293,21642794.55,0.159911984,0.256701057,1.353799295,8.465902662,5.273836072,,,,,,1
death,JAN 2022,202203,50-64,all_types,121,12294793,342,14092669,901,5687121.55,0.984156464,2.426793675,15.84281243,16.09785946,6.528289814,,,,,,1
death,JAN 2022,202203,65+,all_types,936,15477809,2053,9518659,3643,2749600.55,6.047367557,21.56816417,132.4919723,21.9090325,6.142941573,,,,,,1
death,JAN 2022,202203,all_ages,all_types,1081,43408457,2485,64682405,4840,35650586.65,2.490298146,3.84184849,13.57621418,5.451642086,3.533771364,1.190914586,3.877942279,23.85259976,20.02880814,6.150839296,1
death,JAN 2022,202203,all_ages,Janssen,60,2377627,264,6206409,4840,35650586.65,2.523524506,4.253667459,13.57621418,5.379862232,3.191649162,2.0755412,5.047112429,23.85259976,11.49223141,4.725989383,1
death,JAN 2022,202203,all_ages,Moderna,450,18222193,1034,20722188,4840,35650586.65,2.469516155,4.989820573,13.57621418,5.497519889,2.720782036,1.066564921,3.619269234,23.85259976,22.36394549,6.590446362,1
death,JAN 2022,202203,all_ages,Pfizer,569,22770303,1181,37716699,4840,35650586.65,2.498868812,3.13123903,13.57621418,5.432943945,4.335732293,1.27433268,3.944053011,23.85259976,18.71771801,6.047738125,1
death,JAN 2022,202204,12-17,all_types,0,973105,3,6514257,9,5504831,0,0.0460528,0.163492758,,3.550112801,,,,,,0
death,JAN 2022,202204,18-49,all_types,16,16225159,67,33289916,235,21386741.55,0.098612285,0.201262148,1.098811614,11.14274572,5.45960393,,,,,,1
death,JAN 2022,202204,50-64,all_types,92,12917379,256,13538634,708,5629586.55,0.712218787,1.890885004,12.57641203,17.65807398,6.651071855,,,,,,1
death,JAN 2022,202204,65+,all_types,784,15821761,1418,9207997,2861,2725566.55,4.955200625,15.39965749,104.9690018,21.18360279,6.816320546,,,,,,1
death,JAN 2022,202204,all_ages,all_types,892,45937404,1744,62550804,3813,35246725.65,1.941772765,2.788133627,10.81802616,5.571211189,3.880024276,0.940540907,2.810195348,18.92939917,20.12607749,6.735972707,1
death,JAN 2022,202204,all_ages,Janssen,45,2538308,174,6077150,3813,35246725.65,1.772834502,2.863184223,10.81802616,6.102107186,3.77831998,1.468564225,3.397514664,18.92939917,12.88973192,5.571543036,1
death,JAN 2022,202204,all_ages,Moderna,340,19115946,764,19938631,3813,35246725.65,1.778619797,3.831757556,10.81802616,6.082258936,2.823254341,0.748732619,2.772540665,18.92939917,25.28192131,6.827455916,1
death,JAN 2022,202204,all_ages,Pfizer,506,24243640,805,36499059,3813,35246725.65,2.08714533,2.205536313,10.81802616,5.183168609,4.904941304,1.092646514,2.75195998,18.92939917,17.32435781,6.878515423,1
death,FEB 2022,202205,12-17,all_types,0,1259679,2,6292709,1,5458137,0,0.0317828,0.0183213,,0.576452093,,,,,,0
death,FEB 2022,202205,18-49,all_types,8,17121280,43,32589170,144,21196127.55,0.0467255,0.131945674,0.679369378,14.53959169,5.148856783,,,,,,1
death,FEB 2022,202205,50-64,all_types,52,13359717,195,13152980,467,5588689.55,0.389229802,1.482553763,8.35616285,21.46845594,5.636330402,,,,,,1
death,FEB 2022,202205,65+,all_types,547,16065652,950,8990552,1985,2709746.55,3.404779339,10.56664819,73.25408349,21.51507519,6.932575229,,,,,,1
death,FEB 2022,202205,all_ages,all_types,607,47806328,1190,61025411,2597,34952700.65,1.269706387,1.95000735,7.430041032,5.85177889,3.81026309,0.616293783,1.958319955,13.07487868,21.21533437,6.676579406,1
death,FEB 2022,202205,all_ages,Janssen,25,2655486,129,5982881,2597,34952700.65,0.941447253,2.156151861,7.430041032,7.892147976,3.44597297,0.803649761,2.567234229,13.07487868,16.26937419,5.092982375,1
death,FEB 2022,202205,all_ages,Moderna,273,19748310,509,19399259,2597,34952700.65,1.382396772,2.623811559,7.430041032,5.374752879,2.831773877,0.58820381,1.899237066,13.07487868,22.2284835,6.884279439,1
death,FEB 2022,202205,all_ages,Pfizer,309,25362228,548,35608081,2597,34952700.65,1.218347221,1.538976504,7.430041032,6.098459375,4.827910637,0.643890841,1.904784056,13.07487868,20.30604855,6.864231479,1
death,FEB 2022,202206,12-17,all_types,0,1444174,1,6176717,4,5408405,0,0.0161898,0.073958958,,4.568235552,,,,,,0
death,FEB 2022,202206,18-49,all_types,6,17816328,33,32090107,99,21022313.55,0.033677,0.102835431,0.470928187,13.98368506,4.579435121,,,,,,1
death,FEB 2022,202206,50-64,all_types,36,13697750,92,12868014,295,5550930.55,0.262816886,0.714951041,5.314424264,20.22101527,7.433270198,,,,,,1
death,FEB 2022,202206,65+,all_types,398,16256766,569,8823261,1344,2693573.55,2.448211409,6.448862841,49.89653986,20.38081338,7.73726176,,,,,,1
death,FEB 2022,202206,all_ages,all_types,440,49215018,695,59958099,1742,34675222.65,0.894036044,1.159142821,5.0237601,5.619191903,4.334030294,0.440102539,1.173009953,8.848534361,20.10561989,7.543443547,1
death,FEB 2022,202206,all_ages,Janssen,15,2745702,78,5911977,1742,34675222.65,0.546308376,1.319355606,5.0237601,9.195832102,3.807737713,0.465914417,1.637879809,8.848534361,18.99175908,5.402432042,1
death,FEB 2022,202206,all_ages,Moderna,183,20227815,293,19006857,1742,34675222.65,0.904694847,1.541548926,5.0237601,5.552988519,3.258904089,0.388941755,1.119381455,8.848534361,22.75028136,7.904842737,1
death,FEB 2022,202206,all_ages,Pfizer,241,26200654,323,35004587,1742,34675222.65,0.919824368,0.922736212,5.0237601,5.461651459,5.444416331,0.495173967,1.14879241,8.848534361,17.86954678,7.7024659,1
death,FEB 2022,202207,12-17,all_types,0,1565992,0,6118081,2,5375051,0,0,0.0372089,,,,,,,,0
death,FEB 2022,202207,18-49,all_types,6,18307069,16,31791920,55,20885699.55,0.0327742,0.0503273,0.263338079,8.034913974,5.232514465,,,,,,1
death,FEB 2022,202207,50-64,all_types,28,13934763,61,12679543,191,5524487.55,0.20093632,0.481089894,3.457334246,17.20611905,7.186462007,,,,,,1
death,FEB 2022,202207,65+,all_types,244,16393584,334,8707026,744,2682600.55,1.488387164,3.835982573,27.73428195,18.633782,7.230033353,,,,,,1
death,FEB 2022,202207,all_ages,all_types,278,50201408,411,59296570,992,34467838.65,0.553769329,0.693126095,2.87804527,5.197191541,4.152267952,0.281931018,0.700749463,5.009959454,17.77016055,7.149430318,1
death,FEB 2022,202207,all_ages,Janssen,14,2812703,39,5861162,992,34467838.65,0.497741852,0.665397066,2.87804527,5.78220469,4.325305018,0.450116835,0.81221436,5.009959454,11.13035342,6.168272445,1
death,FEB 2022,202207,all_ages,Moderna,121,20559955,184,18758901,992,34467838.65,0.588522689,0.980867696,2.87804527,4.890287706,2.934182951,0.257189949,0.718458543,5.009959454,19.47960826,6.973206046,1
death,FEB 2022,202207,all_ages,Pfizer,142,26787512,187,34642198,992,34467838.65,0.530097756,0.539804085,2.87804527,5.429272691,5.331647813,0.295664011,0.678560786,5.009959454,16.94477266,7.383213937,1
death,FEB 2022,202208,12-17,all_types,0,1656321,0,6084160,0,5343096,0,0,0,,,,,,,,0
death,FEB 2022,202208,18-49,all_types,2,18682011,5,31595274,45,20830569.55,0.0107055,0.0158252,0.216028659,20.17924889,13.65096933,,,,,,1
death,FEB 2022,202208,50-64,all_types,17,14117699,45,12540239,120,5499993.55,0.120416224,0.358844835,2.18182074,18.11899323,6.080123009,,,,,,1
death,FEB 2022,202208,65+,all_types,188,16503121,195,8616507,499,2672999.55,1.139178462,2.263098028,18.66816626,16.38739397,8.248942832,,,,,,1
death,FEB 2022,202208,all_ages,all_types,207,50959152,245,58836180,664,34346658.65,0.406207701,0.416410447,1.933230265,4.75921618,4.642607504,0.201651998,0.419200976,3.365139248,16.68785473,8.02750815,1
death,FEB 2022,202208,all_ages,Janssen,7,2863555,20,5825051,664,34346658.65,0.24445139,0.343344633,1.933230265,7.908444559,5.630582444,0.223788127,0.403063688,3.365139248,15.03716612,8.34890204,1
death,FEB 2022,202208,all_ages,Moderna,101,20817514,122,18590051,664,34346658.65,0.485168402,0.65626501,1.933230265,3.984658228,2.945807313,0.212537689,0.472913446,3.365139248,15.83314124,7.115761404,1
death,FEB 2022,202208,all_ages,Pfizer,99,27236563,103,34387038,664,34346658.65,0.363481986,0.299531469,1.933230265,5.318641202,6.454180833,0.196462446,0.37136545,3.365139248,17.1286641,9.06153022,1
